supplement,completion_time
Carb-loading,14091
Carb-loading,15860
Carb-loading,16021
Carb-loading,14050
Carb-loading,14657
Carb-loading,15008
Carb-loading,15922
Carb-loading,15525
Carb-loading,16207
Carb-loading,15816
Carb-loading,14476
Carb-loading,16480
Carb-loading,16190
Carb-loading,16789
Carb-loading,14003
Carb-loading,17053
Carb-loading,16863
Carb-loading,15649
Carb-loading,17352
Carb-loading,16684
Carb-loading,14873
Carb-loading,13754
Carb-loading,14016
Carb-loading,15487
Carb-loading,15268
Carb-loading,16321
Carb-loading,14883
Carb-loading,15004
Carb-loading,16636
Carb-loading,14320
BCAA,15244
BCAA,15186
BCAA,13921
BCAA,15987
BCAA,15874
BCAA,17354
BCAA,15125
BCAA,15594
BCAA,15338
BCAA,15685
BCAA,15694
BCAA,16074
BCAA,15495
BCAA,15795
BCAA,17591
BCAA,15829
BCAA,15826
BCAA,16413
BCAA,14662
BCAA,16088
BCAA,15122
BCAA,15489
BCAA,16331
BCAA,16527
BCAA,16277
BCAA,16378
BCAA,15348
BCAA,17122
BCAA,16208
BCAA,16239
Electrolyte,12851
Electrolyte,13996
Electrolyte,14699
Electrolyte,15686
Electrolyte,14841
Electrolyte,16363
Electrolyte,16287
Electrolyte,13592
Electrolyte,14390
Electrolyte,14186
Electrolyte,14727
Electrolyte,14843
Electrolyte,13332
Electrolyte,16180
Electrolyte,14862
Electrolyte,15123
Electrolyte,14778
Electrolyte,14111
Electrolyte,13950
Electrolyte,15080
Electrolyte,13908
Electrolyte,14483
Electrolyte,16699
Electrolyte,14946
Electrolyte,15518
Electrolyte,15645
Electrolyte,13542
Electrolyte,15708
Electrolyte,15013
Electrolyte,14667
